{
    "timestamp": "2025-11-23T13:55:43.182221",
    "camera": {
        "index": 0,
        "frame_width": 640,
        "frame_height": 480
    },
    "calibration": {
        "lower_hsv": [
            9,
            98,
            180
        ],
        "upper_hsv": [
            23,
            223,
            255
        ],
        "platform_points_px": [
            [
                273,
                64
            ],
            [
                390,
                291
            ],
            [
                134,
                282
            ]
        ],
        "origin_px": [
            265.6666564941406,
            212.3333282470703
        ],
        "pixel_to_meter_ratio": 0.00038956973634731535
    },
    "servo_calibration": {
        "neutral_angles_deg": [
            27,
            40,
            40
        ]
    }
}