{
    "timestamp": "2025-11-09T17:00:53.963631",
    "camera": {
        "index": 0,
        "frame_width": 640,
        "frame_height": 480
    },
    "calibration": {
        "lower_hsv": [
            9,
            105,
            153
        ],
        "upper_hsv": [
            25,
            231,
            255
        ],
        "platform_points_px": [
            [
                303,
                33
            ],
            [
                507,
                327
            ],
            [
                112,
                341
            ]
        ],
        "origin_px": [
            307.3333435058594,
            233.6666717529297
        ],
        "pixel_to_meter_ratio": 0.0002689359891637706
    },
    "servo_calibration": {
        "neutral_angles_deg": [
            50,
            55,
            45
        ]
    }
}