{
    "timestamp": "2025-11-07T14:11:53.945720",
    "camera": {
        "index": 0,
        "frame_width": 640,
        "frame_height": 480
    },
    "calibration": {
        "lower_hsv": [
            15,
            136,
            229
        ],
        "upper_hsv": [
            32,
            253,
            255
        ],
        "platform_points_px": [
            [
                161,
                245
            ],
            [
                429,
                425
            ],
            [
                404,
                42
            ]
        ],
        "origin_px": [
            331.3333435058594,
            237.3333282470703
        ],
        "pixel_to_meter_ratio": 0.0002931726339738816
    },
    "servo_calibration": {
        "neutral_angles_deg": [
            50,
            50,
            50
        ]
    }
}