{
    "timestamp": "2025-11-06T13:44:49.993693",
    "camera": {
        "index": 0,
        "frame_width": 640,
        "frame_height": 480
    },
    "calibration": {
        "lower_hsv": [
            12,
            158,
            235
        ],
        "upper_hsv": [
            28,
            227,
            255
        ],
        "platform_points_px": [
            [
                338,
                1
            ],
            [
                143,
                317
            ],
            [
                462,
                368
            ]
        ],
        "origin_px": [
            314.3333435058594,
            228.6666717529297
        ],
        "pixel_to_meter_ratio": 0.00027732670423574746
    },
    "servo_calibration": {
        "neutral_angles_deg": [
            200,
            200,
            200
        ]
    }
}