{
    "timestamp": "2025-11-09T17:54:47.682541",
    "camera": {
        "index": 0,
        "frame_width": 640,
        "frame_height": 480
    },
    "calibration": {
        "lower_hsv": [
            9,
            92,
            153
        ],
        "upper_hsv": [
            25,
            255,
            255
        ],
        "platform_points_px": [
            [
                291,
                45
            ],
            [
                514,
                319
            ],
            [
                143,
                367
            ]
        ],
        "origin_px": [
            316.0,
            243.6666717529297
        ],
        "pixel_to_meter_ratio": 0.00027732745637454103
    },
    "servo_calibration": {
        "neutral_angles_deg": [
            48,
            60,
            57
        ]
    }
}