{
    "timestamp": "2025-11-25T18:29:42.008574",
    "camera": {
        "index": 0,
        "frame_width": 640,
        "frame_height": 480
    },
    "calibration": {
        "lower_hsv": [
            9,
            152,
            129
        ],
        "upper_hsv": [
            24,
            255,
            233
        ],
        "platform_points_px": [
            [
                330,
                17
            ],
            [
                559,
                373
            ],
            [
                124,
                379
            ]
        ],
        "origin_px": [
            337.6666564941406,
            256.3333435058594
        ],
        "pixel_to_meter_ratio": 0.0002353229618778669
    },
    "servo_calibration": {
        "neutral_angles_deg": [
            40,
            53,
            50
        ]
    }
}