{
    "timestamp": "2025-11-06T12:22:02.867560",
    "camera": {
        "index": 0,
        "frame_width": 640,
        "frame_height": 480
    },
    "calibration": {
        "lower_hsv": [
            20,
            80,
            235
        ],
        "upper_hsv": [
            35,
            195,
            255
        ],
        "platform_points_px": [
            [
                111,
                101
            ],
            [
                389,
                357
            ],
            [
                549,
                70
            ]
        ],
        "origin_px": [
            349.6666564941406,
            176.0
        ],
        "pixel_to_meter_ratio": 0.00026187210460193455
    }
}